doubling every 4 days;doubling every 10 days;doubling every 15 days;doubling every 20 days;India;US;Spain;Germany;United Kingdom;Korea, South;Japan;date
100.0;100.0;100.0;100.0;102.0;103.0;120.0;130.0;134.0;104.0;112.0;0
118.9207115002721;107.17734625362931;104.72941228206267;103.52649238413775;113.0;172.0;165.0;159.0;189.0;204.0;137.0;1
141.4213562373095;114.86983549970351;109.68249796946259;107.17734625362931;119.0;215.0;222.0;196.0;246.0;433.0;149.0;2
168.1792830507429;123.11444133449163;114.86983549970351;110.9569472067845;142.0;337.0;259.0;262.0;295.0;602.0;160.0;3
200.0;131.9507910772894;120.30250360821167;114.86983549970351;156.0;450.0;400.0;482.0;374.0;833.0;173.0;4
237.8414230005442;141.4213562373095;125.99210498948732;118.9207115002721;194.0;515.0;500.0;670.0;429.0;977.0;192.0;5
282.842712474619;151.5716566510398;131.9507910772894;123.11444133449163;244.0;713.0;673.0;799.0;483.0;1261.0;218.0;6
336.3585661014858;162.4504792712471;138.1912879967776;127.45606273192622;330.0;1105.0;1073.0;1040.0;630.0;1766.0;236.0;7
400.0;174.11011265922482;144.7269237440378;131.9507910772894;396.0;1530.0;1695.0;1176.0;889.0;2337.0;245.0;8
475.6828460010884;186.60659830736148;151.5716566510398;136.60402567543954;499.0;2115.0;2277.0;1457.0;1301.0;3150.0;259.0;9
565.685424949238;200.0;158.74010519681994;141.4213562373095;536.0;2814.0;2277.0;1908.0;1790.0;3736.0;278.0;10
672.7171322029716;214.35469250725862;166.24757922855756;146.40856959456255;657.0;2986.0;5232.0;2078.0;2270.0;4335.0;298.0;11
800.0;229.73967099940697;174.11011265922482;151.5716566510398;727.0;4354.0;6391.0;3675.0;2634.0;5186.0;333.0;12
951.3656920021768;246.22888266898326;182.34449771164336;156.91681957935015;887.0;5970.0;7798.0;4585.0;3077.0;5621.0;365.0;13
1131.370849898476;263.9015821545788;190.9683207820833;162.4504792712471;987.0;8386.0;9942.0;5795.0;3692.0;6088.0;420.0;14
1345.4342644059432;282.842712474619;200.0;168.1792830507429;1024.0;12674.0;11748.0;7272.0;4462.0;6593.0;466.0;15
1600.0;303.14331330207966;209.45882456412534;174.11011265922482;1251.0;18736.0;13910.0;9257.0;5467.0;7041.0;499.0;16
1902.7313840043537;324.9009585424942;219.36499593892518;180.25009252216603;1397.0;24508.0;17963.0;12327.0;6533.0;7314.0;527.0;17
2262.741699796952;348.22022531844965;229.73967099940697;186.60659830736148;1998.0;33152.0;20410.0;15320.0;7791.0;7478.0;585.0;18
2690.8685288118863;373.21319661472296;240.60500721642333;193.1872657849691;2543.0;43850.0;25374.0;19848.0;9006.0;7513.0;640.0;19
3200.0;400.0;251.98420997897463;200.0;2567.0;54112.0;28768.0;22213.0;10395.0;7755.0;696.0;20
3805.4627680087074;428.70938501451724;263.9015821545788;207.0529847682755;3082.0;66055.0;35136.0;24873.0;12744.0;7869.0;733.0;21
4525.483399593904;459.47934199881405;276.3825759935552;214.35469250725862;3588.0;83611.0;39885.0;29056.0;15126.0;7979.0;795.0;22
5381.737057623773;492.4577653379664;289.4538474880756;221.91389441356898;4778.0;102101.0;49515.0;32986.0;17843.0;8086.0;826.0;23
6400.0;527.8031643091576;303.14331330207966;229.73967099940697;5311.0;122059.0;57786.0;37323.0;20970.0;8162.0;843.0;24
7610.925536017415;565.685424949238;317.48021039363994;237.8414230005442;5916.0;141205.0;65719.0;43938.0;24219.0;8236.0;893.0;25
9050.966799187809;606.2866266041593;332.4951584571151;246.22888266898326;6725.0;162707.0;73235.0;50871.0;27062.0;8320.0;928.0;26
10763.474115247545;649.8019170849884;348.22022531844965;254.91212546385245;7598.0;188744.0;80110.0;57695.0;29954.0;8413.0;968.0;27
12800.0;696.4404506368992;364.6889954232867;263.9015821545788;8446.0;214205.0;87956.0;62095.0;34281.0;8565.0;1022.0;28
15221.85107203483;746.4263932294459;381.9366415641666;273.2080513508791;9205.0;244610.0;95923.0;66885.0;38815.0;8652.0;1059.0;29
18101.933598375617;800.0;400.0;282.842712474619;10453.0;276547.0;104118.0;71808.0;43789.0;8799.0;1104.0;30
21526.94823049509;857.4187700290345;418.9176491282508;292.8171391891251;11487.0;309699.0;112065.0;77872.0;48718.0;8961.0;1144.0;31
25600.0;918.9586839976281;438.72999187785035;303.14331330207966;12322.0;337573.0;119199.0;84794.0;53699.0;8961.0;1217.0;32
30443.70214406966;984.9155306759328;459.47934199881405;313.83363915870024;13430.0;367215.0;126168.0;91159.0;57772.0;9037.0;1314.0;33
36203.867196751235;1055.6063286183153;481.21001443284666;324.9009585424942;14352.0;397992.0;131646.0;96092.0;61422.0;9137.0;1416.0;34
43053.89646099018;1131.370849898476;503.96841995794927;336.3585661014858;15722.0;429686.0;136675.0;100123.0;66738.0;9241.0;1530.0;35
51200.0;1212.5732532083186;527.8031643091576;348.22022531844965;17615.0;464442.0;141942.0;103374.0;72224.0;9332.0;1728.0;36
60887.40428813932;1299.6038341699768;552.7651519871105;360.5001850443321;18539.0;497943.0;148220.0;107663.0;77387.0;9478.0;1907.0;37
72407.73439350247;1392.8809012737984;578.9076949761512;373.21319661472296;20080.0;527969.0;153222.0;113296.0;82293.0;9583.0;2001.0;38
86107.79292198036;1492.8527864588918;606.2866266041593;386.3745315699382;21370.0;556522.0;158273.0;118181.0;86660.0;9661.0;2255.0;39
102400.0;1600.0;634.9604207872798;400.0;23077.0;581813.0;163027.0;122171.0;90273.0;9786.0;2535.0;40
121774.80857627864;1714.8375400580687;664.9903169142302;414.10596953655096;24530.0;608878.0;166831.0;124908.0;93812.0;9887.0;2818.0;41
144815.46878700494;1837.9173679952562;696.4404506368992;428.70938501451724;26283.0;637974.0;170099.0;127854.0;98017.0;9976.0;3154.0;42
172215.58584396073;1969.8310613518656;729.3779908465734;443.82778882713797;27890.0;669272.0;172541.0;130072.0;102365.0;10062.0;3525.0;43
204800.0;2111.2126572366315;763.8732831283331;459.47934199881405;29451.0;701996.0;177644.0;131359.0;107465.0;10156.0;3876.0;44
243549.61715255727;2262.741699796952;800.0;475.6828460010884;31324.0;730266.0;184948.0;134753.0;112808.0;10237.0;4110.0;45
289630.9375740099;2425.1465064166364;837.8352982565016;492.4577653379664;33062.0;756544.0;190839.0;137698.0;117798.0;10284.0;4485.0;46
344431.17168792145;2599.2076683399537;877.4599837557007;509.8242509277049;34863.0;783931.0;191726.0;141397.0;122534.0;10331.0;5020.0;47
409600.0;2785.7618025475967;918.9586839976281;527.8031643091576;37257.0;809295.0;198674.0;143342.0;126394.0;10384.0;5614.0;48
487099.23430511454;2985.7055729177846;962.4200288656933;546.4161027017583;39699.0;837627.0;200210.0;145184.0;131260.0;10423.0;6250.0;49
579261.8751480198;3200.0;1007.9368399158985;565.685424949238;42505.0;871617.0;204178.0;147065.0;136035.0;10450.0;6951.0;50
688862.3433758429;3429.6750801161375;1055.6063286183153;585.6342783782501;46437.0;907908.0;208389.0;148291.0;141540.0;10480.0;7473.0;51
819200.0;3675.8347359905124;1105.530303974221;606.2866266041593;49400.0;940829.0;213024.0;150648.0;146708.0;10512.0;7773.0;52
974198.4686102291;3939.6621227037313;1157.8153899523024;627.6672783174005;52987.0;968518.0;202990.0;153129.0;151689.0;10537.0;8277.0;53
1158523.7502960395;4222.425314473263;1212.5732532083186;649.8019170849884;56351.0;990983.0;205905.0;154999.0;155453.0;10564.0;8835.0;54
1377724.6867516858;4525.483399593904;1269.9208415745595;672.7171322029716;59695.0;1015518.0;207634.0;156513.0;158926.0;10591.0;9398.0;55
1638400.0;4850.293012833273;1329.9806338284604;696.4404506368992;62808.0;1043038.0;209465.0;157770.0;163630.0;10613.0;9958.0;56
1948396.9372204582;5198.415336679907;1392.8809012737984;721.0003700886642;67161.0;1072667.0;210773.0;158758.0;168357.0;10635.0;10548.0;57
2317047.500592079;5571.5236050951935;1458.7559816931469;746.4263932294459;70768.0;1106829.0;212917.0;159912.0;173807.0;10653.0;10914.0;58
2755449.3735033716;5971.411145835569;1527.7465662566663;772.7490631398766;74292.0;1136024.0;213435.0;161539.0;178771.0;10661.0;11258.0;59
3276800.0;6400.0;1600.0;800.0;78055.0;1161611.0;215216.0;163009.0;183501.0;10674.0;11641.0;60
3896793.8744409163;6859.350160232275;1675.6705965130025;828.2119390731019;81997.0;1184086.0;216582.0;164077.0;186731.0;10683.0;12037.0;61
4634095.001184158;7351.669471981025;1754.919967511402;857.4187700290345;85784.0;1208271.0;217466.0;164967.0;189708.0;10694.0;12469.0;62
5510898.747006743;7879.3242454074625;1837.9173679952562;887.6555776542759;90648.0;1233527.0;218011.0;165664.0;193091.0;10708.0;12854.0;63
6553600.0;8444.850628946526;1924.8400577313867;918.9586839976281;95698.0;1261409.0;219329.0;166152.0;196780.0;10718.0;13186.0;64
7793587.748881833;9050.966799187809;2015.8736798317968;951.3656920021768;100328.0;1288587.0;220325.0;167007.0;200616.0;10728.0;13405.0;65
9268190.002368316;9700.586025666546;2111.2126572366315;984.9155306759328;106475.0;1314320.0;221447.0;168162.0;204387.0;10738.0;13576.0;66
11021797.494013486;10396.830673359815;2211.060607948442;1019.6485018554098;112028.0;1334084.0;222857.0;169430.0;207439.0;10752.0;13860.0;67
13107200.0;11143.047210190387;2315.630779904605;1055.6063286183153;118226.0;1352962.0;223578.0;170588.0;209589.0;10761.0;14076.0;68
15587175.497763665;11942.822291671138;2425.1465064166364;1092.8322054035166;124794.0;1375152.0;224350.0;171324.0;211911.0;10765.0;14284.0;69
18536380.004736632;12800.0;2539.8416831491195;1131.370849898476;131423.0;1396110.0;227436.0;171879.0;215500.0;10774.0;14558.0;70
22043594.988026973;13718.70032046455;2659.961267656921;1171.2685567565002;138536.0;1423727.0;228030.0;172576.0;218895.0;10780.0;14861.0;71
26214400.0;14703.33894396205;2785.7618025475967;1212.5732532083186;144950.0;1449027.0;228691.0;173171.0;222195.0;10793.0;15061.0;72
31174350.99552733;15758.648490814925;2917.5119633862932;1255.334556634801;150793.0;1474128.0;229540.0;174098.0;224813.0;10801.0;15229.0;73
37072760.009473264;16889.70125789305;3055.4931325133334;1299.6038341699768;158086.0;1493132.0;230183.0;174478.0;227334.0;10804.0;15354.0;74
44087189.976053946;18101.933598375617;3200.0;1345.4342644059432;165386.0;1514901.0;230698.0;175233.0;229406.0;10806.0;15455.0;75
52428800.0;19401.17205133309;3351.341193026005;1392.8809012737984;173491.0;1535350.0;230698.0;175752.0;231232.0;10810.0;15553.0;76
62348701.99105466;20793.66134671963;3509.839935022804;1442.0007401773285;181827.0;1559157.0;231606.0;176369.0;233809.0;10822.0;15640.0;77
74145520.01894653;22286.094420380774;3675.8347359905124;1492.8527864588918;190609.0;1584512.0;232037.0;176551.0;236867.0;10840.0;15755.0;78
88174379.95210789;23885.644583342277;3849.6801154627733;1545.4981262797533;198370.0;1608653.0;232555.0;177778.0;239579.0;10874.0;15824.0;79
104857600.0;25600.0;4031.7473596635937;1600.0;207191.0;1630476.0;233037.0;178473.0;242133.0;10909.0;15861.0;80
124697403.98210932;27437.4006409291;4222.425314473263;1656.4238781462038;216824.0;1651289.0;234824.0;179021.0;244174.0;10936.0;15948.0;81
148291040.03789306;29406.67788792408;4422.121215896884;1714.8375400580687;226713.0;1670280.0;235290.0;179710.0;245682.0;10962.0;15998.0;82
176348759.90421578;31517.296981629876;4631.26155980921;1775.3111553085525;236184.0;1689163.0;235772.0;179986.0;247037.0;10991.0;16096.0;83
209715200.0;33779.4025157861;4850.293012833273;1837.9173679952562;246622.0;1707445.0;235400.0;180328.0;248650.0;11018.0;16148.0;84
249394807.96421865;36203.867196751235;5079.683366298239;1902.7313840043537;257486.0;1730260.0;236259.0;180600.0;250309.0;11037.0;16202.0;85
296582080.0757861;38802.34410266618;5319.922535313842;1969.8310613518656;265928.0;1754764.0;236259.0;181200.0;252118.0;11050.0;16226.0;86
352697519.80843157;41587.32269343924;5571.5236050951935;2039.297003710819;276146.0;1779214.0;237906.0;181524.0;253854.0;11065.0;16259.0;87
419430400.0;44572.18884076158;5835.0239267725865;2111.2126572366315;286605.0;1799124.0;238564.0;182196.0;255362.0;11078.0;16287.0;88
498789615.9284373;47771.28916668455;6110.986265026667;2185.664410807033;297535.0;1816479.0;239228.0;182922.0;256469.0;11110.0;16321.0;89
593164160.1515722;51200.0;6400.0;2262.741699796952;308993.0;1837374.0;239479.0;183189.0;257539.0;11122.0;16362.0;90
705395039.6168631;54874.8012818582;6702.68238605201;2342.5371135130003;320922.0;1857332.0;239638.0;183410.0;258983.0;11142.0;16385.0;91
838860800.0;58813.35577584816;7019.679870045608;2425.1465064166364;332424.0;1878683.0;239932.0;183594.0;260453.0;11165.0;16410.0;92
997579231.8568746;63034.59396325975;7351.669471981025;2510.669113269603;343091.0;1903907.0;240326.0;183879.0;261802.0;11190.0;16451.0;93
1186328320.3031445;67558.8050315722;7699.360230925547;2599.2076683399537;354065.0;1926639.0;240660.0;184121.0;263040.0;11206.0;16472.0;94
1410790079.2337263;72407.73439350247;8063.494719327187;2690.8685288118863;366946.0;1944370.0;240978.0;184472.0;264150.0;11225.0;16502.0;95
1677721600.0;77604.68820533236;8444.850628946526;2785.7618025475967;380532.0;1961785.0;241310.0;184924.0;264944.0;11265.0;16528.0;96
1995158463.7137492;83174.64538687847;8844.242431793768;2884.001480354656;395048.0;1979912.0;241550.0;185450.0;265662.0;11344.0;16598.0;97
2372656640.606289;89144.37768152315;9262.52311961842;2985.7055729177846;410451.0;2000706.0;241717.0;185750.0;266756.0;11402.0;16673.0;98
2821580158.4674525;95542.5783333691;9700.586025666546;3090.9962525595065;425282.0;2023656.0;241966.0;186109.0;267915.0;11441.0;16716.0;99
3355443200.0;102400.0;10159.366732596478;3200.0;440215.0;2048986.0;242280.0;186506.0;269101.0;11468.0;16751.0;100
3990316927.4274983;109749.6025637164;10639.845070627684;3312.8477562924077;456183.0;2074542.0;242707.0;186522.0;270108.0;11503.0;16787.0;101
4745313281.212578;117626.71155169632;11143.047210190387;3429.6750801161375;473105.0;2094366.0;243209.0;186691.0;271162.0;11541.0;16837.0;102
5643160316.934905;126069.1879265195;11670.047853545173;3550.622310617105;490401.0;2114026.0;243605.0;187226.0;272050.0;11590.0;16867.0;103
6710886400.0;135117.6100631444;12221.972530053334;3675.8347359905124;508953.0;2137731.0;243928.0;187267.0;272857.0;11629.0;16911.0;104
7980633854.854997;144815.46878700494;12800.0;3805.4627680087074;528859.0;2163290.0;244109.0;187518.0;273888.0;11668.0;16958.0;105
9490626562.425156;155209.37641066473;13405.36477210402;3939.6621227037313;548318.0;2191099.0;244328.0;187682.0;274971.0;11719.0;17000.0;106
11286320633.86981;166349.29077375695;14039.359740091217;4078.594007421638;566840.0;2222579.0;244683.0;188252.0;275970.0;11776.0;17039.0;107
13421772800.0;178288.7553630463;14703.33894396205;4222.425314473263;585481.0;2255328.0;245268.0;188604.0;276990.0;11814.0;17060.0;108
15961267709.709993;191085.1566667382;15398.720461851093;4371.328821614066;604641.0;2281767.0;245575.0;189817.0;277974.0;11852.0;17111.0;109
18981253124.85031;204800.0;16126.989438654375;4525.483399593904;625544.0;2312303.0;245938.0;190299.0;278640.0;11902.0;17146.0;110
22572641267.73962;219499.2051274328;16889.70125789305;4685.074227026001;648315.0;2347491.0;246272.0;190670.0;279264.0;11947.0;17187.0;111
26843545600.0;235253.42310339265;17688.484863587535;4850.293012833273;673165.0;2382426.0;246504.0;191272.0;280156.0;12003.0;17250.0;112
31922535419.419987;252138.375853039;18525.04623923684;5021.338226539206;697413.0;2422299.0;246752.0;191768.0;281038.0;12051.0;17293.0;113
37962506249.70062;270235.2201262888;19401.17205133309;5198.415336679907;719664.0;2467554.0;247086.0;192480.0;281815.0;12085.0;17369.0;114
45145282535.47924;289630.9375740099;20318.733465192956;5381.737057623773;742417.0;2510259.0;247486.0;192871.0;282512.0;12121.0;17439.0;115
53687091200.0;310418.75282132946;21279.690141255367;5571.5236050951935;767296.0;2549864.0;247905.0;193371.0;283151.0;12155.0;17484.0;116
63845070838.83997;332698.5815475139;22286.094420380774;5768.002960709312;793802.0;2590668.0;248469.0;194036.0;283785.0;12198.0;17530.0;117
75925012499.40125;356577.5107260926;23340.095707090346;5971.411145835569;820916.0;2636414.0;248770.0;194458.0;284192.0;12257.0;17588.0;118
90290565070.95848;382170.3133334764;24443.945060106667;6181.992505119013;849522.0;2687588.0;248970.0;194693.0;284812.0;12306.0;17658.0;119
107374182400.0;409600.0;25600.0;6400.0;878254.0;2742049.0;249271.0;195042.0;285216.0;12373.0;17725.0;120
127690141677.67995;438998.4102548656;26810.72954420804;6625.695512584815;906752.0;2795361.0;249659.0;195418.0;285279.0;12421.0;17780.0;121
151850024998.8025;470506.8462067853;28078.719480182415;6859.350160232275;936181.0;2841241.0;250103.0;195893.0;285285.0;12438.0;17820.0;122
180581130141.91696;504276.751706078;29406.67788792408;7101.24462123421;968857.0;2891124.0;250545.0;196370.0;285787.0;12484.0;17879.0;123
214748364800.0;540470.4402525777;30797.440923702205;7351.669471981025;1003832.0;2936077.0;250545.0;196780.0;286412.0;12535.0;17963.0;124
255380283355.3599;579261.8751480198;32253.978877308764;7610.925536017415;1039084.0;2996098.0;250545.0;197198.0;286931.0;12563.0;18055.0;125
303700049997.605;620837.5056426589;33779.4025157861;7879.3242454074625;1077781.0;3054699.0;251789.0;197523.0;287290.0;12602.0;18162.0;126
361162260283.8339;665397.1630950278;35376.96972717507;8157.188014843276;1118206.0;3117946.0;252130.0;198064.0;287874.0;12653.0;18254.0;127
429496729600.0;713155.0214521852;37050.09247847368;8444.850628946526;1155338.0;3185737.0;252513.0;198343.0;288511.0;12715.0;18366.0;128
510760566710.7198;764340.6266669529;38802.34410266618;8742.657643228133;1193078.0;3245925.0;253056.0;198699.0;289154.0;12757.0;18476.0;129
607400099995.21;819200.0;40637.46693038589;9050.966799187809;1238798.0;3304942.0;253908.0;199001.0;289678.0;12800.0;18615.0;130
722324520567.6678;877996.8205097312;42559.38028251071;9370.148454052001;1288108.0;3364157.0;253908.0;199332.0;290504.0;12850.0;18838.0;131
858993459200.0;941013.6924135706;44572.18884076158;9700.586025666546;1337024.0;3431574.0;253908.0;199709.0;291154.0;12904.0;19055.0;132
1021521133421.4396;1008553.503412156;46680.19141418072;10042.676453078411;1385635.0;3498902.0;255953.0;199919.0;291691.0;12967.0;19185.0;133
1214800199990.42;1080940.8805051553;48887.890120213335;10396.830673359815;1435616.0;3576157.0;256619.0;200180.0;292931.0;13030.0;19461.0;134
1444649041135.3357;1158523.7502960395;51200.0;10763.474115247545;1480073.0;3647715.0;257494.0;200456.0;293469.0;13091.0;19668.0;135
1717986918400.0;1241675.0112853178;53621.45908841608;11143.047210190387;1531669.0;3711413.0;258855.0;200890.0;294116.0;13137.0;19848.0;136
2043042266842.8792;1330794.3261900556;56157.43896036483;11536.005921418624;1581963.0;3773260.0;260255.0;201450.0;294803.0;13181.0;20055.0;137
2429600399980.84;1426310.0429043705;58813.35577584816;11942.822291671138;1634746.0;3834677.0;260255.0;202045.0;295632.0;13244.0;20261.0;138
2889298082270.6714;1528681.2533339057;61594.88184740441;12363.985010238026;1695988.0;3899211.0;260255.0;202426.0;296358.0;13293.0;20617.0;139
3435973836800.0;1638400.0;64507.95775461753;12800.0;1750723.0;3970121.0;264836.0;202735.0;296944.0;13338.0;21044.0;140
4086084533685.7583;1755993.6410194624;67558.8050315722;13251.39102516963;1803695.0;4038816.0;266194.0;203325.0;297389.0;13373.0;21430.0;141
4859200799961.68;1882027.3848271412;70753.93945435014;13718.70032046455;1855745.0;4112531.0;267551.0;203717.0;297952.0;13417.0;21841.0;142
5778596164541.343;2017107.006824312;74100.18495694736;14202.48924246842;1908254.0;4178970.0;270166.0;204276.0;298731.0;13479.0;22125.0;143
6871947673600.0;2161881.7610103106;77604.68820533236;14703.33894396205;1964536.0;4233923.0;272421.0;204881.0;299500.0;13512.0;22437.0;144
8172169067371.517;2317047.500592079;81274.93386077178;15221.85107203483;2027074.0;4290337.0;272421.0;205623.0;300270.0;13551.0;23172.0;145
9718401599923.36;2483350.0225706357;85118.76056502142;15758.648490814925;2088611.0;4356206.0;272421.0;206278.0;301020.0;13612.0;23510.0;146
11557192329082.686;2661588.652380111;89144.37768152315;16314.376029686551;2153010.0;4426982.0;278782.0;206667.0;301708.0;13672.0;24104.0;147
13743895347200.0;2852620.085808741;93360.38282836144;16889.70125789305;2215074.0;4495015.0;280610.0;207112.0;302261.0;13711.0;24946.0;148
16344338134743.033;3057362.5066678114;97775.78024042667;17485.315286456265;2268675.0;4562107.0;282641.0;207707.0;303063.0;13745.0;25446.0;149
19436803199846.72;3276800.0;102400.0;18101.933598375617;2329638.0;4620592.0;285430.0;208546.0;303910.0;13771.0;25706.0;150
23114384658165.37;3511987.2820389247;107242.91817683216;18740.296908104003;2396637.0;4668172.0;288522.0;209535.0;304793.0;13816.0;26463.0;151
27487790694400.0;3764054.7696542824;112314.87792072966;19401.17205133309;2461190.0;4713540.0;288522.0;210399.0;305562.0;13879.0;27136.0;152
32688676269486.066;4034214.013648624;117626.71155169632;20085.352906156822;2525922.0;4771080.0;288522.0;211005.0;306309.0;13938.0;28114.0;153
38873606399693.44;4323763.522020621;123189.76369480882;20793.66134671963;2589952.0;4823890.0;297054.0;211220.0;307251.0;13979.0;28883.0;154
46228769316330.74;4634095.001184158;129015.91550923506;21526.94823049509;2647663.0;4883582.0;302814.0;212111.0;307926.0;14092.0;29684.0;155
54975581388800.0;4966700.045141271;135117.6100631444;22286.094420380774;2702681.0;4941755.0;305767.0;212828.0;308832.0;14150.0;30548.0;156
65377352538972.13;5323177.304760222;141507.87890870028;23072.011842837248;2767253.0;4997929.0;309855.0;214113.0;309796.0;14175.0;31142.0;157
77747212799386.88;5705240.171617482;148200.3699138947;23885.644583342277;2836925.0;5044864.0;314362.0;215039.0;310696.0;14203.0;32116.0;158
92457538632661.48;6114725.013335623;155209.37641066473;24727.970020476052;2905825.0;5094400.0;314362.0;216196.0;311461.0;14251.0;33382.0;159
109951162777600.0;6553600.0;162549.86772154356;25600.0;2975701.0;5141208.0;314362.0;216903.0;312574.0;14269.0;35144.0;160
130754705077944.27;7023974.564077858;170237.52113004285;26502.782050339276;3044940.0;5197411.0;322980.0;217288.0;313392.0;14305.0;36234.0;161
155494425598773.75;7528109.539308565;178288.7553630463;27437.4006409291;3106348.0;5248958.0;326612.0;218508.0;314542.0;14336.0;37804.0;162
184915077265322.97;8068428.027297248;186720.76565672288;28404.97848493684;3167323.0;5313252.0;329784.0;219540.0;315581.0;14366.0;39116.0;163
219902325555200.0;8647527.044041231;195551.56048085334;29406.67788792408;3224547.0;5361165.0;337334.0;220859.0;316729.0;14389.0;40099.0;164
261509410155888.53;9268190.002368316;204800.0;30443.70214406966;3310234.0;5403213.0;342813.0;222281.0;318190.0;14423.0;41347.0;165
310988851197547.5;9933400.090282554;214485.83635366432;31517.296981629876;3387500.0;5438325.0;342813.0;223791.0;319232.0;14456.0;42686.0;166
369830154530645.94;10646354.609520445;224629.75584145932;32628.752059373102;3463972.0;5483388.0;342813.0;224488.0;320343.0;14499.0;44167.0;167
439804651110400.0;11410480.343234964;235253.42310339265;33779.4025157861;3542733.0;5529824.0;359082.0;225007.0;321064.0;14519.0;45764.0;168
523018820311777.06;12229450.02667123;246379.52738961764;34970.63057291251;3621245.0;5573847.0;364196.0;226700.0;322177.0;14562.0;47342.0;169
621977702395095.0;13107200.0;258031.8310184701;36203.867196751235;3691166.0;5622470.0;370867.0;228120.0;323008.0;14598.0;48782.0;170
739660309061291.9;14047949.128155716;270235.2201262888;37480.59381620803;3769523.0;5667070.0;377906.0;229706.0;324203.0;14626.0;49617.0;171
879609302220800.0;15056219.07861713;283015.75781740056;38802.34410266618;3853406.0;5701645.0;386054.0;231292.0;325263.0;14660.0;50302.0;172
1046037640623554.1;16136856.054594496;296400.7398277894;40170.705812313645;3936747.0;5739536.0;386054.0;233029.0;326595.0;14714.0;51288.0;173
1243955404790190.0;17295054.088082463;310418.75282132946;41587.32269343924;4023179.0;5777710.0;386054.0;233861.0;327643.0;14770.0;52471.0;174
1479320618122583.8;18536380.004736632;325099.7354430871;43053.89646099018;4113811.0;5821819.0;405436.0;234494.0;328620.0;14873.0;53818.0;175
1759218604441600.0;19866800.180565108;340475.0422600857;44572.18884076158;4204613.0;5867785.0;412553.0;236122.0;329821.0;15039.0;55051.0;176
2092075281247108.2;21292709.21904089;356577.5107260926;46144.023685674496;4280422.0;5913941.0;419849.0;237583.0;330967.0;15318.0;56074.0;177
2487910809580380.0;22820960.686469927;373441.53131344577;47771.28916668455;4370128.0;5961094.0;429507.0;239010.0;332509.0;15515.0;56717.0;178
2958641236245167.5;24458900.05334246;391103.1209617067;49455.94004095207;4465863.0;5996431.0;439286.0;240571.0;333806.0;15761.0;57636.0;179
3518437208883200.0;26214400.0;409600.0;51200.0;4562414.0;6030587.0;439286.0;242126.0;334916.0;16058.0;58728.0;180
4184150562494216.5;28095898.25631143;428971.67270732863;53005.56410067855;4659984.0;6073840.0;439286.0;242835.0;336668.0;16346.0;59900.0;181
4975821619160760.0;30112438.15723426;449259.51168291864;54874.8012818582;4754356.0;6113510.0;462858.0;243305.0;338083.0;16670.0;60949.0;182
5917282472490335.0;32273712.109188993;470506.8462067853;56809.95696987368;4846427.0;6150016.0;470973.0;244802.0;339415.0;17002.0;61916.0;183
7036874417766400.0;34590108.176164925;492759.0547792353;58813.35577584816;;6200518.0;479554.0;246015.0;340929.0;17399.0;62658.0;184
8368301124988433.0;37072760.009473264;516063.6620369402;60887.40428813932;;6244970.0;488513.0;247411.0;342708.0;17665.0;63158.0;185
9951643238321520.0;39733600.361130215;540470.4402525777;63034.59396325975;;6276365.0;498989.0;248840.0;344686.0;17945.0;63888.0;186
1.183456494498067e+16;42585418.43808178;566031.5156348011;65257.504118746205;;6300622.0;498989.0;250283.0;346513.0;18265.0;64779.0;187
1.40737488355328e+16;45641921.372939855;592801.4796555788;67558.8050315722;;6327009.0;498989.0;251058.0;349500.0;18706.0;65653.0;188
1.6736602249976866e+16;48917800.10668492;620837.5056426589;69941.26114582502;;6360212.0;525549.0;251728.0;352451.0;19077.0;66499.0;189
1.990328647664304e+16;52428800.0;650199.4708861742;72407.73439350247;;6396100.0;534513.0;253626.0;354932.0;19400.0;67353.0;190
2.366912988996134e+16;56191796.51262286;680950.0845201714;74961.18763241605;;6443652.0;543379.0;254957.0;357613.0;19699.0;67958.0;191
2.81474976710656e+16;60224876.31446852;713155.0214521852;77604.68820533236;;6485123.0;554143.0;256433.0;360544.0;19947.0;68396.0;192
3.3473204499953732e+16;64547424.218377985;746883.0626268915;80341.41162462729;;6519573.0;566326.0;258149.0;364088.0;20182.0;69023.0;193
3.980657295328608e+16;69180216.35232985;782206.2419234134;83174.64538687847;;;566326.0;259735.0;367592.0;20449.0;69619.0;194
4.733825977992268e+16;74145520.01894653;819200.0;86107.79292198036;;;566326.0;260817.0;370930.0;20644.0;70278.0;195
5.62949953421312e+16;79467200.72226043;857943.3454146573;89144.37768152315;;;;261737.0;;20842.0;70866.0;196
6.6946408999907464e+16;85170836.87616356;898519.0233658373;92288.04737134899;;;;;;21010.0;71467.0;197
7.961314590657216e+16;91283842.74587971;941013.6924135706;95542.5783333691;;;;;;21177.0;71918.0;198
9.467651955984536e+16;97835600.21336985;985518.1095584705;98911.88008190414;;;;;;21296.0;72213.0;199
1.125899906842624e+17;104857600.0;1032127.3240738804;102400.0;;;;;;21432.0;72724.0;200
1.3389281799981493e+17;112383593.02524573;1080940.8805051553;106011.1282013571;;;;;;21588.0;73264.0;201
1.5922629181314432e+17;120449752.62893704;1132063.0312696022;109749.6025637164;;;;;;21743.0;73916.0;202
1.8935303911969072e+17;129094848.43675597;1185602.9593111577;113619.91393974736;;;;;;21919.0;74558.0;203
2.251799813685248e+17;138360432.7046597;1241675.0112853178;117626.71155169632;;;;;;22055.0;75206.0;204
2.6778563599962986e+17;148291040.03789306;1300398.9417723485;121774.80857627864;;;;;;22176.0;75646.0;205
3.1845258362628864e+17;158934401.44452086;1361900.1690403428;126069.1879265195;;;;;;22285.0;;206
